id;sheet;zone;code;gender;year of birth;year of death;era;bio: rec;quran_standard;l2_speak;lak_standard;tsudakhar_standard;interviewer
3;Карекадани;;аб11;ж;1918;1990;до 1919;0;no;;no;speak;Бакланов Алексей
7;Карекадани;;кк09;ж;1900;1980;до 1919;0;read;;no;0;Конча Кирилл
12;Карекадани;;нд06;ж;1885;1968;до 1919;0;no;;no;speak;Добрушина Нина
21;Карекадани;;са15;ж;1914;1994;до 1919;0;no;;no;speak;Выдрина Александра / Алексеева Анастасия
24;Карекадани;;аб02;м;1973;;после 1920;0;read;;no;speak;Бакланов Алексей
25;Карекадани;;аб03;ж;1948;;после 1920;0;read;;no;speak;Бакланов Алексей
26;Карекадани;;аб04;м;1946;;после 1920;0;read;;no;speak;Бакланов Алексей
27;Карекадани;;аб05;ж;1926;2006;после 1920;0;read;;no;speak;Бакланов Алексей
29;Карекадани;;аб07;ж;1949;;после 1920;0;read;;no;speak;Бакланов Алексей
30;Карекадани;;аб08;м;1947;;после 1920;0;read;;no;speak;Бакланов Алексей
32;Карекадани;;аб13;м;1955;;после 1920;0;read;;no;speak;Бакланов Алексей
34;Карекадани;;аб15;м;1925;2018;после 1920;0;read;;speak;speak;Бакланов Алексей
36;Карекадани;;аб17;ж;1958;;после 1920;0;read;;no;speak;Бакланов Алексей
60;Карекадани;;кк06;м;1958;;после 1920;0;no;;no;speak;Конча Кирилл
61;Карекадани;;кк07;ж;1926;2009;после 1920;0;no;;no;0;Конча Кирилл
85;Карекадани;;нд21;ж;1985;;после 1920;0;read;;no;speak;Добрушина Нина
87;Карекадани;;нд23;ж;1953;;после 1920;0;no;;no;speak;Добрушина Нина
94;Карекадани;;пз05;ж;1945;;после 1920;0;understand;;no;speak;Завьялов Павел
98;Карекадани;;пз09;м;1922;1992;после 1920;0;no;;no;speak;Завьялов Павел
101;Карекадани;;пз15;м;1941;2021;после 1920;0;read;;no;speak;Завьялов Павел
105;Карекадани;;пз19;м;1941;;после 1920;0;read;;speak;speak;Завьялов Павел
128;Карекадани;;са22;ж;1982;;после 1920;0;read;;no;0;Выдрина Александра / Алексеева Анастасия
147;Куба;;кк04;ж;1916;?;до 1919;0;no;;speak;no;Конча Кирилл
148;Куба;;кк05;м;1912;?;до 1919;0;no;;speak;no;Конча Кирилл
150;Куба;;кк23;м;1914;1978;до 1919;0;read;;speak;no;Конча Кирилл
160;Куба;;са07;ж;1880;1960;до 1919;0;read;;speak;0;Выдрина Александра / Алексеева Анастасия
163;Куба;;аб02;м;1957;;после 1920;0;read;;speak;understand;Бакланов Алексей
170;Куба;;аб13;м;1939;2004;после 1920;0;no;;speak;no;Бакланов Алексей
175;Куба;;аб18;ж;1954;;после 1920;0;no;;speak;no;Бакланов Алексей
176;Куба;;ач02;м;1925;2020;после 1920;0;0;;speak;no;Чевелёва Анастасия
182;Куба;;ач11;м;1967;;после 1920;0;understand;;0;understand;Чевелёва Анастасия
183;Куба;;ач12;ж;1980;;после 1920;0;no;;0;no;Чевелёва Анастасия
187;Куба;;ач17;м;1938;2000;после 1920;0;no;;speak;no;Чевелёва Анастасия
197;Куба;;зб13;ж;1965;;после 1920;0;no;;speak;no;Будилова Зинаида
203;Куба;;зб20;м;1967;;после 1920;0;no;;speak;no;Будилова Зинаида
205;Куба;;зб22;м;1980;;после 1920;0;no;;speak;no;Будилова Зинаида
214;Куба;;зб33;м;1937;2017;после 1920;0;no;;speak;speak;Будилова Зинаида
221;Куба;;зб40;м;1971;2020;после 1920;0;no;;speak;understand;Будилова Зинаида
222;Куба;;кк01;ж;1984;;после 1920;0;no;;speak;no;Конча Кирилл
223;Куба;;кк02;ж;1960;;после 1920;0;no;;speak;no;Конча Кирилл
224;Куба;;кк03;м;1963;;после 1920;0;no;;speak;no;Конча Кирилл
225;Куба;;кк07;ж;1974;;после 1920;0;no;;speak;no;Конча Кирилл
227;Куба;;кк12;м;1984;;после 1920;0;read;;speak;no;Конча Кирилл
228;Куба;;кк13;м;1957;2018;после 1920;0;no;;speak;no;Конча Кирилл
232;Куба;;кк19;ж;1956;;после 1920;0;no;;speak;no;Конча Кирилл
242;Куба;;нд10;м;2004;;после 1920;0;no;;understand;no;Добрушина Нина
244;Куба;;нд12;ж;1980;;после 1920;0;no;;speak;no;Добрушина Нина
247;Куба;;нд16;м;2003;;после 1920;0;no;;understand;no;Добрушина Нина
248;Куба;;нд17;ж;1984;;после 1920;0;no;;speak;no;Добрушина Нина
249;Куба;;нд18;ж;1954;;после 1920;0;no;;speak;understand;Добрушина Нина
250;Куба;;нд19;м;1947;;после 1920;0;no;;speak;no;Добрушина Нина
264;Куба;;пз20;м;1935;2001;после 1920;0;no;;speak;no;Завьялов Павел
265;Куба;;пз21;м;1939;1981;после 1920;0;no;;speak;no;Завьялов Павел
266;Куба;;пз22;м;1941;;после 1920;0;0;;speak;0;Завьялов Павел
267;Куба;;са01;ж;1978;;после 1920;0;no;;speak;no;Выдрина Александра / Алексеева Анастасия
269;Куба;;са03;ж;1950;2018;после 1920;0;no;;speak;no;Выдрина Александра / Алексеева Анастасия
270;Куба;;са04;м;1939;;после 1920;0;no;;speak;no;Выдрина Александра / Алексеева Анастасия
271;Куба;;са08;м;1954;;после 1920;0;read;;speak;0;Выдрина Александра / Алексеева Анастасия
272;Куба;;са10;м;1933;;после 1920;0;0;;speak;0;Выдрина Александра / Алексеева Анастасия
277;Куба;;са19;ж;1982;;после 1920;0;no;;speak;no;Выдрина Александра / Алексеева Анастасия
281;Куба;;са23;ж;1964;;после 1920;0;no;;speak;no;Выдрина Александра / Алексеева Анастасия
282;Куба;;са24;м;1974;;после 1920;0;no;;speak;no;Выдрина Александра / Алексеева Анастасия
290;Куркли;;зб03;ж;1892;1975;до 1919;0;read;;speak;no;Будилова Зинаида
291;Куркли;;зб04;м;1915;1998;до 1919;0;no;;speak;no;Будилова Зинаида
292;Куркли;;зб05;ж;1916;1981;до 1919;0;understand;;speak;no;Будилова Зинаида
293;Куркли;;зб15;ж;1909;1981;до 1919;0;read;;speak;no;Будилова Зинаида
294;Куркли;;зб16;м;1904;1974;до 1919;0;no;;speak;no;Будилова Зинаида
296;Куркли;;мм09;м;1907;2000;до 1919;0;read;;speak;no;Меленченко Максим
297;Куркли;;мм10;ж;1916;2001;до 1919;0;read;;speak;no;Меленченко Максим
309;Куркли;;пз06;м;1900;?;до 1919;0;no;;speak;no;Завьялов Павел
310;Куркли;;са42;ж;1888;1969;до 1919;0;read;;speak;no;Выдрина Александра / Алексеева Анастасия
311;Куркли;;са43;ж;1915;2000;до 1919;0;0;;speak;no;Выдрина Александра / Алексеева Анастасия
313;Куркли;;аб01;ж;1996;;после 1920;0;no;;speak;speak;Бакланов Алексей
317;Куркли;;ач08;м;1959;;после 1920;0;no;;speak;no;Чевелёва Анастасия
320;Куркли;;ач11;м;1926;1975;после 1920;0;understand;;speak;0;Чевелёва Анастасия
321;Куркли;;ач12;ж;1932;2019;после 1920;0;no;;speak;no;Чевелёва Анастасия
322;Куркли;;ач13;ж;1965;;после 1920;0;understand;;speak;no;Чевелёва Анастасия
323;Куркли;;ач14;ж;1961;;после 1920;0;no;;speak;no;Чевелёва Анастасия
324;Куркли;;ач15;ж;1965;;после 1920;0;no;;speak;no;Чевелёва Анастасия
327;Куркли;;зб02;ж;1929;2014;после 1920;0;understand;;speak;no;Будилова Зинаида
328;Куркли;;зб08;м;1967;;после 1920;0;no;;speak;no;Будилова Зинаида
342;Куркли;;мм08;м;1940;;после 1920;0;no;;speak;no;Меленченко Максим
346;Куркли;;мм19;ж;1926;2017;после 1920;0;no;;speak;no;Меленченко Максим
351;Куркли;;нд06;ж;1945;;после 1920;0;no;;speak;no;Добрушина Нина
354;Куркли;;нд11;ж;1972;;после 1920;0;no;;speak;no;Добрушина Нина
355;Куркли;;нд13;ж;1983;;после 1920;0;no;;speak;no;Добрушина Нина
365;Куркли;;са44;ж;1964;;после 1920;0;no;;speak;no;Выдрина Александра / Алексеева Анастасия
367;Куркли;;са46;ж;1939;;после 1920;0;no;;speak;no;Выдрина Александра / Алексеева Анастасия
368;Куркли;;са47;м;1934;1981;после 1920;0;0;;speak;no;Выдрина Александра / Алексеева Анастасия
370;Куркли;;са49;м;?;1995-2001;после 1920;0;0;;speak;no;Выдрина Александра / Алексеева Анастасия
371;Куркли;;са50;ж;1985;;после 1920;0;read;;speak;no;Выдрина Александра / Алексеева Анастасия
372;Куркли;;са52;ж;1983;;после 1920;0;0;;speak;no;Выдрина Александра / Алексеева Анастасия
373;Куркли;;са53;м;?;;после 1920;0;0;;understand;no;Выдрина Александра / Алексеева Анастасия
374;Куркли;;са54;м;1930;2008;после 1920;0;0;;speak;speak;Выдрина Александра / Алексеева Анастасия
375;Куркли;;са55;ж;1928;2018;после 1920;0;no;;speak;no;Выдрина Александра / Алексеева Анастасия
376;Куркли;;са56;ж;1965;;после 1920;0;0;;speak;no;Выдрина Александра / Алексеева Анастасия
377;Куркли;;са57;м;1979;;после 1920;0;0;;speak;no;Выдрина Александра / Алексеева Анастасия
378;Куркли;;са58;ж;1956;;после 1920;0;0;;speak;no;Выдрина Александра / Алексеева Анастасия
379;Куркли;;са59;м;1952;2004;после 1920;0;0;;speak;no;Выдрина Александра / Алексеева Анастасия
381;Куркли;;са61;ж;?;56 было когда умерла?;после 1920;0;0;;speak;no;Выдрина Александра / Алексеева Анастасия
383;Цудахар;;аб10;м;1906;1985;до 1919;0;no;;no;understand;Бакланов Алексей
385;Цудахар;;аб14;м;1907;1971;до 1919;0;0;;speak;speak;Бакланов Алексей
391;Цудахар;;ач17;ж;1890;1980;до 1919;0;0;;speak;speak;Чевелёва Анастасия
396;Цудахар;;зб19;ж;1862;1955;до 1919;0;no;;no;0;Будилова Зинаида
400;Цудахар;;кк03;м;1896;1984;до 1919;0;understand;;speak;speak;Конча Кирилл
401;Цудахар;;кк05;ж;1881;1968;до 1919;0;0;;no;speak;Конча Кирилл
403;Цудахар;;кк15;ж;1910;1985;до 1919;0;read;;speak;speak;Конча Кирилл
406;Цудахар;;кк28;ж;1916;1948;до 1919;0;no;;no;speak;Конча Кирилл
407;Цудахар;;кк29;м;1901;1991;до 1919;0;read;;speak;speak;Конча Кирилл
410;Цудахар;;нд14;ж;1914;1982;до 1919;0;0;;no;speak;Добрушина Нина
412;Цудахар;;нд19;ж;1910;1977;до 1919;0;no;;0;0;Добрушина Нина
419;Цудахар;;пз02;ж;1913;2009;до 1919;0;0;;understand;speak;Завьялов Павел
423;Цудахар;;са03;м;?;2001;до 1919;0;0;;no;speak;Выдрина Александра / Алексеева Анастасия
436;Цудахар;;аб16;ж;1926;2005;после 1920;0;no;;understand;speak;Бакланов Алексей
441;Цудахар;;аб25;ж;1923;2003;после 1920;0;no;;speak;speak;Бакланов Алексей
450;Цудахар;;ач06;ж;1959;;после 1920;0;no;;no;speak;Чевелёва Анастасия
452;Цудахар;;ач08;ж;1960;;после 1920;0;no;;no;speak;Чевелёва Анастасия
453;Цудахар;;ач09;ж;1934;;после 1920;0;no;;no;speak;Чевелёва Анастасия
454;Цудахар;;ач10;м;1936;2006;после 1920;0;no;;speak;speak;Чевелёва Анастасия
465;Цудахар;;зб11;ж;1962;;после 1920;0;no;;speak;speak;Будилова Зинаида
480;Цудахар;;кк07;м;1924;1990;после 1920;0;no;;speak;0;Конча Кирилл
484;Цудахар;;кк12;м;1957;;после 1920;0;no;;no;speak;Конча Кирилл
487;Цудахар;;кк16;м;1933;1998;после 1920;0;no;;no;speak;Конча Кирилл
489;Цудахар;;кк19;ж;1961;;после 1920;0;no;;no;speak;Конча Кирилл
492;Цудахар;;кк23;м;1986;;после 1920;0;read;;no;speak;Конча Кирилл
495;Цудахар;;кк26;м;1928;;после 1920;0;no;;no;speak;Конча Кирилл
502;Цудахар;;мм20;ж;1959;;после 1920;0;read;;no;speak;Меленченко Максим
503;Цудахар;;мм21;ж;1951;;после 1920;0;understand;;no;speak;Меленченко Максим
510;Цудахар;;нд06;ж;1978;;после 1920;0;no;;no;speak;Добрушина Нина
513;Цудахар;;нд09;ж;1923;2013;после 1920;0;no;;speak;speak;Добрушина Нина
518;Цудахар;;нд15;м;1961;;после 1920;0;no;;no;speak;Добрушина Нина
519;Цудахар;;нд16;ж;1949;;после 1920;0;no;;no;0;Добрушина Нина
520;Цудахар;;нд17;м;1942;2000;после 1920;0;no;;0;0;Добрушина Нина
526;Цудахар;;нд31;ж;1947;;после 1920;0;no;;no;speak;Добрушина Нина
536;Цудахар;;пз08;ж;1935;2020;после 1920;0;no;;speak;speak;Завьялов Павел
540;Цудахар;;са07;м;1954;2015;после 1920;0;no;;no;speak;Выдрина Александра / Алексеева Анастасия
541;Цудахар;;са08;м;1946;2013;после 1920;0;no;;no;speak;Выдрина Александра / Алексеева Анастасия
542;Цудахар;;са09;ж;1971;;после 1920;0;no;;no;0;Выдрина Александра / Алексеева Анастасия
546;Цудахар;;са13;ж;1956;;после 1920;0;no;;understand;speak;Выдрина Александра / Алексеева Анастасия
549;Цудахар;;са16;ж;1932;?;после 1920;0;no;;no;speak;Выдрина Александра / Алексеева Анастасия
555;Цудахар;;са28;м;1981;;после 1920;0;read;;no;speak;Выдрина Александра / Алексеева Анастасия
559;Цудахар;;са35;м;1976;;после 1920;0;no;;no;speak;Выдрина Александра / Алексеева Анастасия
560;Цудахар;;са36;ж;1980;;после 1920;0;0;;0;speak;Выдрина Александра / Алексеева Анастасия
565;Цудахар;;са43;ж;1989;;после 1920;0;read;;no;speak;Выдрина Александра / Алексеева Анастасия
577;Чукна;;мм10;м;1917;1993;до 1919;0;no;;speak;no;Меленченко Максим
579;Чукна;;мм18;ж;1907;2001;до 1919;0;read;;speak;no;Меленченко Максим
580;Чукна;;мм19;м;?;1987;до 1919;0;read;;speak;no;Меленченко Максим
582;Чукна;;нд10;м;1918;1971;до 1919;0;no;;speak;understand;Добрушина Нина
584;Чукна;;пз03;м;1913;1991;до 1919;0;read;;speak;no;Завьялов Павел
585;Чукна;;пз04;м;старше Магомеда пз03 намного;1966;до 1919;0;read;;speak;no;Завьялов Павел
590;Чукна;;аб01;м;1965;;после 1920;0;no;;speak;understand;Бакланов Алексей
591;Чукна;;аб02;ж;1936;2004;после 1920;0;no;;0;speak;Бакланов Алексей
593;Чукна;;аб04;ж;1963;;после 1920;0;no;;0;no;Бакланов Алексей
595;Чукна;;аб06;ж;1970;;после 1920;0;no;;speak;no;Бакланов Алексей
596;Чукна;;аб07;ж;1936;1988;после 1920;0;0;;speak;understand;Бакланов Алексей
597;Чукна;;аб08;ж;1937;1994;после 1920;0;understand;;speak;no;Бакланов Алексей
600;Чукна;;зб05;м;1938;;после 1920;0;no;;speak;no;Будилова Зинаида
605;Чукна;;кк01;м;1988;;после 1920;0;no;;0;no;Конча Кирилл
606;Чукна;;кк02;м;1989;;после 1920;0;no;;speak;no;Конча Кирилл
607;Чукна;;кк03;м;1955;2017;после 1920;0;no;;speak;understand;Конча Кирилл
608;Чукна;;кк04;ж;1958;;после 1920;0;understand;;speak;understand;Конча Кирилл
610;Чукна;;кк06;м;1958;;после 1920;0;no;;speak;no;Конча Кирилл
611;Чукна;;кк08;ж;1962;;после 1920;0;read;;speak;no;Конча Кирилл
615;Чукна;;мм04;ж;1940;;после 1920;0;read;;speak;no;Меленченко Максим
616;Чукна;;мм07;м;1959;;после 1920;0;read;;speak;no;Меленченко Максим
617;Чукна;;мм08;ж;1959;;после 1920;0;no;;speak;no;Меленченко Максим
618;Чукна;;мм09;ж;1931;2016;после 1920;0;no;;speak;no;Меленченко Максим
620;Чукна;;мм13;м;1980;;после 1920;0;no;;speak;no;Меленченко Максим
621;Чукна;;мм14;м;1976;;после 1920;0;no;;speak;no;Меленченко Максим
626;Чукна;;нд03;ж;1956;;после 1920;0;no;;speak;no;Добрушина Нина
628;Чукна;;нд08;ж;1961;;после 1920;0;read;;0;no;Добрушина Нина
632;Чукна;;пз01;ж;1934;;после 1920;0;no;;speak;no;Завьялов Павел
634;Чукна;;пз08;м;1933;2020;после 1920;0;no;;speak;no;Завьялов Павел
635;Чукна;;са01;м;1962;;после 1920;0;no;;speak;no;Выдрина Александра / Алексеева Анастасия
636;Чукна;;са02;ж;1958;;после 1920;0;read;;speak;0;Выдрина Александра / Алексеева Анастасия
637;Чукна;;са03;м;1955;;после 1920;0;0;;0;0;Выдрина Александра / Алексеева Анастасия
640;Чукна;;са11;м;1923;1941;после 1920;0;no;;speak;no;Выдрина Александра / Алексеева Анастасия
641;Чукна;;са12;м;1970;;после 1920;0;no;;speak;no;Выдрина Александра / Алексеева Анастасия
642;Чукна;;са13;ж;1969;;после 1920;0;no;;speak;no;Выдрина Александра / Алексеева Анастасия
643;Чукна;;са14;ж;1960;;после 1920;0;no;;speak;no;Выдрина Александра / Алексеева Анастасия
644;Чукна;;са17;м;?;;после 1920;0;no;;speak;no;Выдрина Александра / Алексеева Анастасия
1;Карекадани;Dargwa;аб09;м;1889;1984;до 1919;1;read;no;no;speak;Бакланов Алексей
2;Карекадани;Dargwa;аб10;ж;1907;2001;до 1919;1;no;no;no;speak;Бакланов Алексей
4;Карекадани;Dargwa;зб14;ж;1890;1972;до 1919;1;read;no;no;speak;Будилова Зинаида
5;Карекадани;Dargwa;зб15;м;1878;1961;до 1919;1;understand;no;no;speak;Будилова Зинаида
6;Карекадани;Dargwa;кк04;ж;1908;1996;до 1919;1;read;no;no;speak;Конча Кирилл
8;Карекадани;Dargwa;кк19;ж;1919;2010;до 1919;1;read;0;0;speak;Конча Кирилл
9;Карекадани;Dargwa;нд03;м;1912;1952;до 1919;1;no;no;no;speak;Добрушина Нина
10;Карекадани;Dargwa;нд04;ж;1860;1964;до 1919;1;no;no;no;speak;Добрушина Нина
11;Карекадани;Dargwa;нд05;м;1875;1965;до 1919;1;read;speak;speak;speak;Добрушина Нина
13;Карекадани;Dargwa;нд10;м;1905;1995;до 1919;1;read;no;no;speak;Добрушина Нина
14;Карекадани;Dargwa;нд15;ж;1900;1985;до 1919;1;read;no;no;speak;Добрушина Нина
15;Карекадани;Dargwa;нд20;ж;1900;1983;до 1919;1;no;no;no;speak;Добрушина Нина
16;Карекадани;Dargwa;пз04;м;1892;1990;до 1919;1;no;no;no;speak;Завьялов Павел
17;Карекадани;Dargwa;пз12;ж;1910;1998;до 1919;1;read;no;no;speak;Завьялов Павел
18;Карекадани;Dargwa;пз13;м;1912;2000;до 1919;1;no;no;no;speak;Завьялов Павел
19;Карекадани;Dargwa;пз14;ж;1915;1970;до 1919;1;no;no;no;speak;Завьялов Павел
20;Карекадани;Dargwa;са05;ж;?;1944;до 1919;1;read;;understand;speak;Выдрина Александра / Алексеева Анастасия
22;Карекадани;Dargwa;са16;м;1895;1985;до 1919;1;read;no;no;speak;Выдрина Александра / Алексеева Анастасия
23;Карекадани;Dargwa;аб01;ж;1977;;после 1920;1;read;no;no;speak;Бакланов Алексей
28;Карекадани;Dargwa;аб06;ж;1921;2016;после 1920;1;read;no;no;speak;Бакланов Алексей
31;Карекадани;Dargwa;аб12;ж;1928;1973;после 1920;1;no;no;no;speak;Бакланов Алексей
33;Карекадани;Dargwa;аб14;ж;1928;2020;после 1920;1;read;no;no;speak;Бакланов Алексей
35;Карекадани;Dargwa;аб16;ж;1959;;после 1920;1;read;no;no;speak;Бакланов Алексей
37;Карекадани;Dargwa;аб18;м;1983;;после 1920;1;read;no;no;speak;Бакланов Алексей
38;Карекадани;Dargwa;аб19;ж;1993;;после 1920;1;read;no;no;speak;Бакланов Алексей
39;Карекадани;Dargwa;зб01;ж;1981;;после 1920;1;read;no;no;speak;Будилова Зинаида
40;Карекадани;Dargwa;зб02;м;1949;;после 1920;1;no;no;no;speak;Будилова Зинаида
41;Карекадани;Dargwa;зб03;ж;1964;;после 1920;1;read;no;no;speak;Будилова Зинаида
42;Карекадани;Dargwa;зб04;ж;1930;2000;после 1920;1;read;speak;speak;speak;Будилова Зинаида
43;Карекадани;Dargwa;зб05;м;1927;1997;после 1920;1;read;no;no;speak;Будилова Зинаида
44;Карекадани;Dargwa;зб06;ж;1926;2006;после 1920;1;no;no;no;speak;Будилова Зинаида
45;Карекадани;Dargwa;зб07;м;1983;;после 1920;1;read;no;no;speak;Будилова Зинаида
46;Карекадани;Dargwa;зб08;ж;1982;;после 1920;1;read;no;no;speak;Будилова Зинаида
47;Карекадани;Dargwa;зб09;ж;1992;;после 1920;1;read;no;no;speak;Будилова Зинаида
48;Карекадани;Dargwa;зб10;м;1970;;после 1920;1;read;no;no;speak;Будилова Зинаида
49;Карекадани;Dargwa;зб11;м;1953;;после 1920;1;no;speak;speak;speak;Будилова Зинаида
50;Карекадани;Dargwa;зб12;ж;1927;2009;после 1920;1;read;no;no;speak;Будилова Зинаида
51;Карекадани;Dargwa;зб13;м;1920;2006;после 1920;1;read;no;no;speak;Будилова Зинаида
52;Карекадани;Dargwa;зб16;ж;1929;2005;после 1920;1;read;no;no;speak;Будилова Зинаида
53;Карекадани;Dargwa;зб17;ж;1931;2001;после 1920;1;read;no;no;speak;Будилова Зинаида
54;Карекадани;Dargwa;зб18;ж;1937;2008;после 1920;1;read;no;no;speak;Будилова Зинаида
55;Карекадани;Dargwa;зб19;ж;1932;2003;после 1920;1;read;no;no;speak;Будилова Зинаида
56;Карекадани;Dargwa;кк01;ж;1961;;после 1920;1;read;no;no;speak;Конча Кирилл
57;Карекадани;Dargwa;кк02;ж;1923;;после 1920;1;no;no;no;speak;Конча Кирилл
58;Карекадани;Dargwa;кк03;м;1927;1970;после 1920;1;no;no;no;speak;Конча Кирилл
59;Карекадани;Dargwa;кк05;м;1956;2009;после 1920;1;read;no;no;speak;Конча Кирилл
62;Карекадани;Dargwa;кк08;м;1933;2012;после 1920;1;read;no;no;speak;Конча Кирилл
63;Карекадани;Dargwa;кк10;ж;1968;;после 1920;1;read;no;no;speak;Конча Кирилл
64;Карекадани;Dargwa;кк11;м;1921;1996;после 1920;1;no;no;no;speak;Конча Кирилл
65;Карекадани;Dargwa;кк12;ж;1930;1980;после 1920;1;no;no;no;speak;Конча Кирилл
66;Карекадани;Dargwa;кк13;ж;1922;2005;после 1920;1;read;no;no;speak;Конча Кирилл
67;Карекадани;Dargwa;кк14;м;1962;;после 1920;1;read;understand;understand;speak;Конча Кирилл
68;Карекадани;Dargwa;кк15;ж;1940;;после 1920;1;read;no;no;speak;Конча Кирилл
69;Карекадани;Dargwa;кк16;м;1935;2015;после 1920;1;read;no;no;speak;Конча Кирилл
70;Карекадани;Dargwa;кк17;м;1958;;после 1920;1;read;0;0;speak;Конча Кирилл
71;Карекадани;Dargwa;кк18;м;1929;2015;после 1920;1;no;no;no;speak;Конча Кирилл
72;Карекадани;Dargwa;нд01;ж;1948;;после 1920;1;no;no;no;speak;Добрушина Нина
73;Карекадани;Dargwa;нд02;ж;1922;2004;после 1920;1;no;no;no;speak;Добрушина Нина
74;Карекадани;Dargwa;нд07;ж;1971;;после 1920;1;read;no;no;speak;Добрушина Нина
75;Карекадани;Dargwa;нд08;м;1947;2016;после 1920;1;no;no;no;speak;Добрушина Нина
76;Карекадани;Dargwa;нд09;ж;1949;;после 1920;1;no;no;no;speak;Добрушина Нина
77;Карекадани;Dargwa;нд11;м;1971;;после 1920;1;no;no;no;speak;Добрушина Нина
78;Карекадани;Dargwa;нд12;ж;1947;;после 1920;1;no;no;no;speak;Добрушина Нина
79;Карекадани;Dargwa;нд13;ж;1927;2000;после 1920;1;no;speak;speak;speak;Добрушина Нина
80;Карекадани;Dargwa;нд14;м;1927;1995;после 1920;1;no;no;no;speak;Добрушина Нина
81;Карекадани;Dargwa;нд16;м;1944;;после 1920;1;read;speak;speak;speak;Добрушина Нина
82;Карекадани;Dargwa;нд17;ж;1967;;после 1920;1;read;no;no;speak;Добрушина Нина
83;Карекадани;Dargwa;нд18;м;1930;2005;после 1920;1;no;no;no;speak;Добрушина Нина
84;Карекадани;Dargwa;нд19;ж;1937;;после 1920;1;no;no;no;speak;Добрушина Нина
86;Карекадани;Dargwa;нд22;м;1977;;после 1920;1;read;no;no;speak;Добрушина Нина
88;Карекадани;Dargwa;нд24;ж;1952;;после 1920;1;no;no;no;speak;Добрушина Нина
89;Карекадани;Dargwa;нд25;ж;1950;;после 1920;1;read;no;no;speak;Добрушина Нина
90;Карекадани;Dargwa;нд26;м;1930;;после 1920;1;read;no;no;speak;Добрушина Нина
91;Карекадани;Dargwa;пз01;ж;1969;;после 1920;1;no;no;no;speak;Завьялов Павел
92;Карекадани;Dargwa;пз02;ж;1936;;после 1920;1;no;no;no;speak;Завьялов Павел
93;Карекадани;Dargwa;пз03;м;1934;2017;после 1920;1;no;no;no;speak;Завьялов Павел
95;Карекадани;Dargwa;пз06;м;1948;2019;после 1920;1;understand;no;no;speak;Завьялов Павел
96;Карекадани;Dargwa;пз07;м;1966;;после 1920;1;no;no;no;speak;Завьялов Павел
97;Карекадани;Dargwa;пз08;м;1966;;после 1920;1;no;no;no;speak;Завьялов Павел
99;Карекадани;Dargwa;пз10;м;1992;;после 1920;1;read;no;no;speak;Завьялов Павел
100;Карекадани;Dargwa;пз11;м;1950;;после 1920;1;read;no;no;speak;Завьялов Павел
102;Карекадани;Dargwa;пз16;ж;1952;;после 1920;1;read;no;no;speak;Завьялов Павел
103;Карекадани;Dargwa;пз17;ж;1932;;после 1920;1;read;no;no;speak;Завьялов Павел
104;Карекадани;Dargwa;пз18;м;1925;1967;после 1920;1;read;no;no;speak;Завьялов Павел
106;Карекадани;Dargwa;пз20;м;1925;;после 1920;1;read;no;no;speak;Завьялов Павел
107;Карекадани;Dargwa;пз21;м;1971;;после 1920;1;no;no;no;speak;Завьялов Павел
108;Карекадани;Dargwa;пз22;м;1940;2010;после 1920;1;no;no;no;speak;Завьялов Павел
109;Карекадани;Dargwa;пз23;ж;1965;;после 1920;1;read;no;no;speak;Завьялов Павел
110;Карекадани;Dargwa;са01;ж;1968;;после 1920;1;read;no;no;speak;Выдрина Александра / Алексеева Анастасия
111;Карекадани;Dargwa;са02;м;1962;;после 1920;1;read;no;no;speak;Выдрина Александра / Алексеева Анастасия
112;Карекадани;Dargwa;са03;ж;1939;;после 1920;1;no;no;no;speak;Выдрина Александра / Алексеева Анастасия
113;Карекадани;Dargwa;са04;м;1933;1984;после 1920;1;read;no;no;speak;Выдрина Александра / Алексеева Анастасия
114;Карекадани;Dargwa;са06;м;?;?, Тавуз было 70 лет, ему было тоже 70 лет (она очень плохо говорит по-русски и мы ничего не поняли);после 1920;1;read;;no;speak;Выдрина Александра / Алексеева Анастасия
115;Карекадани;Dargwa;са07;ж;1956;;после 1920;1;read;no;no;speak;Выдрина Александра / Алексеева Анастасия
116;Карекадани;Dargwa;са08;ж;1959;;после 1920;1;read;no;no;speak;Выдрина Александра / Алексеева Анастасия
117;Карекадани;Dargwa;са09;ж;1958;;после 1920;1;read;no;no;speak;Выдрина Александра / Алексеева Анастасия
118;Карекадани;Dargwa;са10;м;1962;;после 1920;1;read;no;no;speak;Выдрина Александра / Алексеева Анастасия
119;Карекадани;Dargwa;са11;ж;1935;1998;после 1920;1;no;no;no;speak;Выдрина Александра / Алексеева Анастасия
120;Карекадани;Dargwa;са12;м;1927;1982;после 1920;1;read;no;no;speak;Выдрина Александра / Алексеева Анастасия
121;Карекадани;Dargwa;са13;ж;1989;;после 1920;1;read;no;no;speak;Выдрина Александра / Алексеева Анастасия
122;Карекадани;Dargwa;са14;м;1993;;после 1920;1;read;no;no;speak;Выдрина Александра / Алексеева Анастасия
123;Карекадани;Dargwa;са17;м;1957;;после 1920;1;read;0;0;speak;Выдрина Александра / Алексеева Анастасия
124;Карекадани;Dargwa;са18;м;1966;;после 1920;1;read;no;no;speak;Выдрина Александра / Алексеева Анастасия
125;Карекадани;Dargwa;са19;м;1973;;после 1920;1;no;no;no;speak;Выдрина Александра / Алексеева Анастасия
126;Карекадани;Dargwa;са20;ж;1975;;после 1920;1;read;no;no;speak;Выдрина Александра / Алексеева Анастасия
127;Карекадани;Dargwa;са21;м;1979;;после 1920;1;read;no;no;speak;Выдрина Александра / Алексеева Анастасия
129;Карекадани;Dargwa;са23;м;1970;;после 1920;1;read;no;no;speak;Выдрина Александра / Алексеева Анастасия
130;Карекадани;Dargwa;са24;ж;1973;;после 1920;1;read;no;no;speak;Выдрина Александра / Алексеева Анастасия
131;Куба;Lak;аб08;ж;1895;1989;до 1919;1;no;no;speak;no;Бакланов Алексей
132;Куба;Lak;аб10;ж;1915;1998;до 1919;1;understand;0;speak;0;Бакланов Алексей
133;Куба;Lak;аб11;м;1905;1981;до 1919;1;read;no;speak;no;Бакланов Алексей
134;Куба;Lak;аб12;м;1880;1965;до 1919;1;read;0;speak;0;Бакланов Алексей
135;Куба;Lak;ач01;м;1915;1978;до 1919;1;understand;0;speak;0;Чевелёва Анастасия
136;Куба;Lak;ач03;ж;1910;1965;до 1919;1;no;no;speak;no;Чевелёва Анастасия
137;Куба;Lak;ач09;ж;1895;1976;до 1919;1;read;0;speak;0;Чевелёва Анастасия
138;Куба;Lak;ач10;м;1894;1975;до 1919;1;read;0;speak;0;Чевелёва Анастасия
139;Куба;Lak;ач15;ж;1914;1997;до 1919;1;no;no;speak;no;Чевелёва Анастасия
140;Куба;Lak;ач18;м;1913;1973;до 1919;1;no;no;speak;no;Чевелёва Анастасия
141;Куба;Lak;ач20;ж;1911;1991;до 1919;1;no;0;speak;0;Чевелёва Анастасия
142;Куба;Lak;ач21;м;1907;1979;до 1919;1;no;speak;speak;speak;Чевелёва Анастасия
143;Куба;Lak;зб12;ж;1915;1998;до 1919;1;no;no;speak;no;Будилова Зинаида
144;Куба;Lak;зб16;ж;1890;1980;до 1919;1;read;no;speak;no;Будилова Зинаида
145;Куба;Lak;зб30;ж;1900;1982;до 1919;1;understand;speak;speak;speak;Будилова Зинаида
146;Куба;Lak;зб31;ж;1898;1990;до 1919;1;no;speak;speak;speak;Будилова Зинаида
149;Куба;Lak;кк22;ж;1889;1982;до 1919;1;understand;no;speak;no;Конча Кирилл
151;Куба;Lak;мм18;ж;1907;2001;до 1919;1;read;no;speak;no;Меленченко Максим
152;Куба;Lak;нд14;м;1895;1997;до 1919;1;read;no;speak;no;Добрушина Нина
153;Куба;Lak;нд22;ж;1916;1988;до 1919;1;read;no;speak;no;Добрушина Нина
154;Куба;Lak;нд27;ж;1906;1981;до 1919;1;no;no;speak;no;Добрушина Нина
155;Куба;Lak;нд28;м;1909;1975;до 1919;1;read;understand;speak;understand;Добрушина Нина
156;Куба;Lak;нд30;м;1900;1980;до 1919;1;no;0;speak;0;Добрушина Нина
157;Куба;Lak;пз04;м;1900;?;до 1919;1;no;speak;speak;speak;Завьялов Павел
158;Куба;Lak;пз14;м;1905;1995;до 1919;1;no;no;speak;no;Завьялов Павел
159;Куба;Lak;са05;ж;1909;1979;до 1919;1;read;0;speak;0;Выдрина Александра / Алексеева Анастасия
161;Куба;Lak;са27;ж;1907;1967;до 1919;1;0;0;speak;0;Выдрина Александра / Алексеева Анастасия
162;Куба;Lak;аб01;ж;1959;;после 1920;1;no;no;speak;no;Бакланов Алексей
164;Куба;Lak;аб03;м;1986;;после 1920;1;no;0;speak;0;Бакланов Алексей
165;Куба;Lak;аб04;м;1992;;после 1920;1;no;no;speak;no;Бакланов Алексей
166;Куба;Lak;аб05;ж;1988;;после 1920;1;read;0;speak;0;Бакланов Алексей
167;Куба;Lak;аб06;м;1930;1993;после 1920;1;read;no;speak;no;Бакланов Алексей
168;Куба;Lak;аб07;ж;1931;2006;после 1920;1;no;0;speak;0;Бакланов Алексей
169;Куба;Lak;аб07;ж;1936;1988;после 1920;1;0;understand;speak;understand;Бакланов Алексей
171;Куба;Lak;аб14;ж;1933;2021;после 1920;1;no;no;speak;no;Бакланов Алексей
172;Куба;Lak;аб15;м;1930;;после 1920;1;no;no;speak;no;Бакланов Алексей
173;Куба;Lak;аб16;ж;1975;;после 1920;1;no;no;speak;no;Бакланов Алексей
174;Куба;Lak;аб17;м;1978;;после 1920;1;no;no;speak;no;Бакланов Алексей
177;Куба;Lak;ач04;м;1920;2000;после 1920;1;understand;no;speak;no;Чевелёва Анастасия
178;Куба;Lak;ач05;м;1963;;после 1920;1;no;understand;speak;understand;Чевелёва Анастасия
179;Куба;Lak;ач06;ж;1965;;после 1920;1;no;understand;speak;understand;Чевелёва Анастасия
180;Куба;Lak;ач07;м;1926;1993;после 1920;1;no;no;speak;no;Чевелёва Анастасия
181;Куба;Lak;ач08;ж;1931;2007;после 1920;1;no;no;speak;no;Чевелёва Анастасия
184;Куба;Lak;ач13;ж;1974;;после 1920;1;no;no;speak;no;Чевелёва Анастасия
185;Куба;Lak;ач14;ж;1936;;после 1920;1;no;no;speak;no;Чевелёва Анастасия
186;Куба;Lak;ач16;м;1965;;после 1920;1;no;no;speak;no;Чевелёва Анастасия
188;Куба;Lak;ач19;ж;1936;2006;после 1920;1;no;no;speak;no;Чевелёва Анастасия
189;Куба;Lak;зб01;ж;2005;;после 1920;1;no;no;speak;no;Будилова Зинаида
190;Куба;Lak;зб03;ж;1987;;после 1920;1;no;no;speak;no;Будилова Зинаида
191;Куба;Lak;зб05;ж;1949;;после 1920;1;no;understand;speak;understand;Будилова Зинаида
192;Куба;Lak;зб06;ж;1926;2008;после 1920;1;read;understand;speak;understand;Будилова Зинаида
193;Куба;Lak;зб07;м;1923;1991;после 1920;1;no;no;speak;no;Будилова Зинаида
194;Куба;Lak;зб08;м;1942;1989;после 1920;1;no;no;speak;no;Будилова Зинаида
195;Куба;Lak;зб09;м;1954;2009;после 1920;1;no;no;speak;no;Будилова Зинаида
196;Куба;Lak;зб11;ж;1941;;после 1920;1;no;no;speak;no;Будилова Зинаида
198;Куба;Lak;зб14;ж;1942;2003;после 1920;1;no;no;speak;no;Будилова Зинаида
199;Куба;Lak;зб15;м;1938;2010;после 1920;1;no;no;speak;no;Будилова Зинаида
200;Куба;Lak;зб17;ж;1935;2021;после 1920;1;read;no;speak;no;Будилова Зинаида
201;Куба;Lak;зб18;м;1964;;после 1920;1;understand;no;speak;no;Будилова Зинаида
202;Куба;Lak;зб19;ж;1931;2019;после 1920;1;read;no;speak;no;Будилова Зинаида
204;Куба;Lak;зб21;м;1972;;после 1920;1;no;no;speak;no;Будилова Зинаида
206;Куба;Lak;зб23;м;1993;;после 1920;1;no;no;speak;no;Будилова Зинаида
207;Куба;Lak;зб24;м;1995;;после 1920;1;no;no;speak;no;Будилова Зинаида
208;Куба;Lak;зб25;м;1995;;после 1920;1;read;no;speak;no;Будилова Зинаида
209;Куба;Lak;зб26;ж;2003;;после 1920;1;read;no;speak;no;Будилова Зинаида
210;Куба;Lak;зб27;м;1960;;после 1920;1;no;speak;speak;speak;Будилова Зинаида
211;Куба;Lak;зб28;ж;1935;;после 1920;1;no;speak;speak;speak;Будилова Зинаида
212;Куба;Lak;зб29;м;1930;1988;после 1920;1;no;understand;speak;understand;Будилова Зинаида
213;Куба;Lak;зб32;ж;1928;2012;после 1920;1;understand;no;speak;no;Будилова Зинаида
215;Куба;Lak;зб34;ж;1941;;после 1920;1;no;speak;speak;speak;Будилова Зинаида
216;Куба;Lak;зб35;ж;1958;2020;после 1920;1;no;understand;speak;understand;Будилова Зинаида
217;Куба;Lak;зб36;ж;1962;;после 1920;1;no;understand;speak;understand;Будилова Зинаида
218;Куба;Lak;зб37;ж;1964;;после 1920;1;no;understand;speak;understand;Будилова Зинаида
219;Куба;Lak;зб38;ж;1966;;после 1920;1;no;understand;speak;understand;Будилова Зинаида
220;Куба;Lak;зб39;м;1969;;после 1920;1;no;understand;speak;understand;Будилова Зинаида
226;Куба;Lak;кк08;ж;1940;;после 1920;1;no;no;speak;no;Конча Кирилл
229;Куба;Lak;кк14;ж;1963;2014;после 1920;1;no;no;speak;no;Конча Кирилл
230;Куба;Lak;кк17;м;1933;2019;после 1920;1;understand;no;speak;no;Конча Кирилл
231;Куба;Lak;кк18;ж;1939;2006;после 1920;1;no;no;speak;no;Конча Кирилл
233;Куба;Lak;кк20;ж;1932;2010;после 1920;1;read;no;speak;no;Конча Кирилл
234;Куба;Lak;нд01;ж;1974;;после 1920;1;no;no;speak;no;Добрушина Нина
235;Куба;Lak;нд02;ж;1936;2017;после 1920;1;no;no;speak;no;Добрушина Нина
236;Куба;Lak;нд03;м;1934;1994;после 1920;1;no;no;speak;no;Добрушина Нина
237;Куба;Lak;нд04;м;1968;;после 1920;1;no;no;speak;no;Добрушина Нина
238;Куба;Lak;нд05;ж;1936;;после 1920;1;no;no;speak;no;Добрушина Нина
239;Куба;Lak;нд06;м;1967;;после 1920;1;no;no;speak;no;Добрушина Нина
240;Куба;Lak;нд07;м;1930;1994;после 1920;1;no;no;speak;no;Добрушина Нина
241;Куба;Lak;нд09;ж;1933;;после 1920;1;no;no;speak;no;Добрушина Нина
243;Куба;Lak;нд11;ж;1940;;после 1920;1;no;speak;speak;speak;Добрушина Нина
245;Куба;Lak;нд13;ж;1922;2005;после 1920;1;read;no;speak;no;Добрушина Нина
246;Куба;Lak;нд15;м;2004;;после 1920;1;no;no;speak;no;Добрушина Нина
251;Куба;Lak;нд20;м;1967;;после 1920;1;no;no;speak;no;Добрушина Нина
252;Куба;Lak;нд21;ж;1947;;после 1920;1;no;no;speak;no;Добрушина Нина
253;Куба;Lak;нд23;ж;1964;;после 1920;1;no;understand;speak;understand;Добрушина Нина
254;Куба;Lak;нд24;ж;1938;2005;после 1920;1;no;speak;speak;speak;Добрушина Нина
255;Куба;Lak;нд25;ж;1948;;после 1920;1;no;understand;speak;understand;Добрушина Нина
256;Куба;Lak;нд26;м;1949;2012;после 1920;1;no;no;speak;no;Добрушина Нина
257;Куба;Lak;нд29;м;1979;;после 1920;1;no;no;speak;no;Добрушина Нина
258;Куба;Lak;нд31;м;1947;;после 1920;1;no;no;speak;no;Добрушина Нина
259;Куба;Lak;пз01;ж;1970;;после 1920;1;no;no;speak;no;Завьялов Павел
260;Куба;Lak;пз11;ж;1939;;после 1920;1;no;no;speak;no;Завьялов Павел
261;Куба;Lak;пз12;м;1932;1995;после 1920;1;no;no;speak;no;Завьялов Павел
262;Куба;Lak;пз18;м;1931;1981;после 1920;1;no;no;speak;no;Завьялов Павел
263;Куба;Lak;пз19;м;1933;1981;после 1920;1;no;no;speak;no;Завьялов Павел
268;Куба;Lak;са02;м;1975;;после 1920;1;no;no;speak;no;Выдрина Александра / Алексеева Анастасия
273;Куба;Lak;са11;м;1931;;после 1920;1;0;understand;speak;understand;Выдрина Александра / Алексеева Анастасия
274;Куба;Lak;са12;ж;1936;;после 1920;1;read;no;speak;no;Выдрина Александра / Алексеева Анастасия
275;Куба;Lak;са13;м;1976;;после 1920;1;no;no;speak;no;Выдрина Александра / Алексеева Анастасия
276;Куба;Lak;са14;м;1930;2013;после 1920;1;read;0;speak;0;Выдрина Александра / Алексеева Анастасия
278;Куба;Lak;са20;ж;2001;;после 1920;1;no;no;speak;no;Выдрина Александра / Алексеева Анастасия
279;Куба;Lak;са21;ж;1971;;после 1920;1;no;no;speak;no;Выдрина Александра / Алексеева Анастасия
280;Куба;Lak;са22;ж;1932;;после 1920;1;no;no;speak;no;Выдрина Александра / Алексеева Анастасия
283;Куба;Lak;са25;м;1928;1973;после 1920;1;no;0;speak;0;Выдрина Александра / Алексеева Анастасия
284;Куба;Lak;са26;м;1926;2005;после 1920;1;0;no;speak;no;Выдрина Александра / Алексеева Анастасия
285;Куба;Lak;са29;ж;1925;1995;после 1920;1;no;no;speak;no;Выдрина Александра / Алексеева Анастасия
286;Куркли;Lak;ач03;ж;1905;1997;до 1919;1;understand;0;speak;0;Чевелёва Анастасия
287;Куркли;Lak;ач04;м;1909;1994;до 1919;1;no;0;speak;0;Чевелёва Анастасия
288;Куркли;Lak;ач06;м;1892;1952;до 1919;1;no;0;speak;0;Чевелёва Анастасия
289;Куркли;Lak;ач07;ж;1903;1963;до 1919;1;0;no;speak;no;Чевелёва Анастасия
295;Куркли;Lak;зб23;м;1916;1962;до 1919;1;no;no;speak;no;Будилова Зинаида
298;Куркли;Lak;мм11;м;1874;1968;до 1919;1;read;no;speak;no;Меленченко Максим
299;Куркли;Lak;мм12;ж;1877;1967;до 1919;1;read;no;speak;no;Меленченко Максим
300;Куркли;Lak;мм13;ж;1866;1947;до 1919;1;read;no;speak;no;Меленченко Максим
301;Куркли;Lak;мм17;ж;1897;1982;до 1919;1;no;no;speak;no;Меленченко Максим
302;Куркли;Lak;мм18;м;1888;1976;до 1919;1;read;speak;speak;speak;Меленченко Максим
303;Куркли;Lak;нд05;ж;1914;1986;до 1919;1;read;no;speak;no;Добрушина Нина
304;Куркли;Lak;нд07;м;1898;1952;до 1919;1;no;0;speak;0;Добрушина Нина
305;Куркли;Lak;нд08;ж;1906;1973;до 1919;1;read;no;speak;no;Добрушина Нина
306;Куркли;Lak;пз02;ж;1916;2006;до 1919;1;read;no;speak;no;Завьялов Павел
307;Куркли;Lak;пз04;ж;1910;1970-е;до 1919;1;read;no;speak;no;Завьялов Павел
308;Куркли;Lak;пз05;ж;1919;?;до 1919;1;read;no;speak;no;Завьялов Павел
312;Куркли;Lak;са51;м;1879;?;до 1919;1;no;no;speak;no;Выдрина Александра / Алексеева Анастасия
314;Куркли;Lak;ач01;ж;1963;;после 1920;1;no;no;speak;no;Чевелёва Анастасия
315;Куркли;Lak;ач02;ж;1931;;после 1920;1;no;0;speak;0;Чевелёва Анастасия
316;Куркли;Lak;ач05;м;1927;1996;после 1920;1;no;no;speak;no;Чевелёва Анастасия
318;Куркли;Lak;ач09;м;1956;2020;после 1920;1;no;no;speak;no;Чевелёва Анастасия
319;Куркли;Lak;ач10;м;1951;;после 1920;1;no;0;speak;0;Чевелёва Анастасия
325;Куркли;Lak;ач16;м;1966;;после 1920;1;no;no;speak;no;Чевелёва Анастасия
326;Куркли;Lak;зб01;ж;1968;;после 1920;1;no;no;speak;no;Будилова Зинаида
329;Куркли;Lak;зб09;ж;1982;;после 1920;1;no;no;speak;no;Будилова Зинаида
330;Куркли;Lak;зб10;ж;1984;;после 1920;1;no;no;speak;no;Будилова Зинаида
331;Куркли;Lak;зб11;ж;1989;;после 1920;1;no;no;speak;no;Будилова Зинаида
332;Куркли;Lak;зб12;ж;1959;;после 1920;1;no;no;speak;no;Будилова Зинаида
333;Куркли;Lak;зб13;ж;1935;;после 1920;1;no;no;speak;no;Будилова Зинаида
334;Куркли;Lak;зб14;м;1930;2016;после 1920;1;no;no;speak;no;Будилова Зинаида
335;Куркли;Lak;зб17;ж;1930;;после 1920;1;no;speak;speak;speak;Будилова Зинаида
336;Куркли;Lak;зб18;м;1926;1982;после 1920;1;no;no;speak;no;Будилова Зинаида
337;Куркли;Lak;зб19;м;1923;1977;после 1920;1;no;no;speak;no;Будилова Зинаида
338;Куркли;Lak;зб20;м;1955;;после 1920;1;no;no;speak;no;Будилова Зинаида
339;Куркли;Lak;зб21;ж;1930;2009;после 1920;1;no;no;speak;no;Будилова Зинаида
340;Куркли;Lak;зб22;м;1923;1993;после 1920;1;no;no;speak;no;Будилова Зинаида
341;Куркли;Lak;зб24;ж;1961;2000;после 1920;1;read;no;speak;no;Будилова Зинаида
343;Куркли;Lak;мм14;ж;1964;;после 1920;1;no;no;speak;no;Меленченко Максим
344;Куркли;Lak;мм15;ж;1932;2015;после 1920;1;no;no;speak;no;Меленченко Максим
345;Куркли;Lak;мм16;м;1928;2013;после 1920;1;no;no;speak;no;Меленченко Максим
347;Куркли;Lak;нд01;ж;1963;;после 1920;1;no;no;speak;no;Добрушина Нина
348;Куркли;Lak;нд02;ж;1937;2014;после 1920;1;no;no;speak;no;Добрушина Нина
349;Куркли;Lak;нд03;м;1930;2008;после 1920;1;no;understand;speak;understand;Добрушина Нина
350;Куркли;Lak;нд04;м;1960;;после 1920;1;no;no;speak;no;Добрушина Нина
352;Куркли;Lak;нд09;м;1920;1993;после 1920;1;no;no;speak;no;Добрушина Нина
353;Куркли;Lak;нд10;м;1968;;после 1920;1;no;no;speak;no;Добрушина Нина
356;Куркли;Lak;нд15;м;1977;;после 1920;1;no;no;speak;no;Добрушина Нина
357;Куркли;Lak;нд16;ж;1953;;после 1920;1;no;no;speak;no;Добрушина Нина
358;Куркли;Lak;нд17;м;1948;;после 1920;1;no;no;speak;no;Добрушина Нина
359;Куркли;Lak;нд18;м;2005;;после 1920;1;no;no;speak;no;Добрушина Нина
360;Куркли;Lak;пз01;ж;1939;;после 1920;1;no;no;speak;no;Завьялов Павел
361;Куркли;Lak;пз03;м;1935;2015;после 1920;1;no;no;speak;no;Завьялов Павел
362;Куркли;Lak;са36;м;1951;;после 1920;1;no;no;speak;no;Выдрина Александра / Алексеева Анастасия
363;Куркли;Lak;са37;м;1920;1976;после 1920;1;no;understand;speak;understand;Выдрина Александра / Алексеева Анастасия
364;Куркли;Lak;са38;ж;1921;2006;после 1920;1;read;no;speak;no;Выдрина Александра / Алексеева Анастасия
366;Куркли;Lak;са45;м;1961;2020;после 1920;1;no;no;speak;no;Выдрина Александра / Алексеева Анастасия
369;Куркли;Lak;са48;ж;1926;2015;после 1920;1;0;no;speak;no;Выдрина Александра / Алексеева Анастасия
380;Куркли;Lak;са60;ж;1926;1997;после 1920;1;no;no;speak;no;Выдрина Александра / Алексеева Анастасия
382;Цудахар;Dargwa;аб09;ж;1904;1986;до 1919;1;read;no;no;speak;Бакланов Алексей
384;Цудахар;Dargwa;аб11;ж;1890;1970;до 1919;1;read;understand;understand;speak;Бакланов Алексей
386;Цудахар;Dargwa;аб21;м;1903;1983;до 1919;1;no;speak;speak;speak;Бакланов Алексей
387;Цудахар;Dargwa;аб22;ж;1918;1999;до 1919;1;no;understand;understand;speak;Бакланов Алексей
388;Цудахар;Dargwa;аб23;ж;1915;1973;до 1919;1;read;no;no;speak;Бакланов Алексей
389;Цудахар;Dargwa;аб30;ж;1916;2016;до 1919;1;read;speak;speak;speak;Бакланов Алексей
390;Цудахар;Dargwa;аб31;ж;1918;2004;до 1919;1;read;speak;speak;speak;Бакланов Алексей
392;Цудахар;Dargwa;зб03;м;1916;1986;до 1919;1;read;speak;speak;speak;Будилова Зинаида
393;Цудахар;Dargwa;зб04;ж;1883;1973;до 1919;1;read;speak;speak;speak;Будилова Зинаида
394;Цудахар;Dargwa;зб05;м;1893;1963;до 1919;1;read;speak;speak;speak;Будилова Зинаида
395;Цудахар;Dargwa;зб15;м;1898;1979;до 1919;1;understand;speak;speak;speak;Будилова Зинаида
397;Цудахар;Dargwa;зб28;м;1897;1984;до 1919;1;understand;speak;speak;speak;Будилова Зинаида
398;Цудахар;Dargwa;зб29;м;1905;1976;до 1919;1;read;understand;understand;speak;Будилова Зинаида
399;Цудахар;Dargwa;зб30;м;1907;1962;до 1919;1;read;speak;speak;speak;Будилова Зинаида
402;Цудахар;Dargwa;кк06;ж;1919;2005;до 1919;1;no;no;no;speak;Конча Кирилл
404;Цудахар;Dargwa;кк18;ж;1910;2003;до 1919;1;no;no;no;speak;Конча Кирилл
405;Цудахар;Dargwa;кк21;ж;1898;1986;до 1919;1;no;no;no;speak;Конча Кирилл
408;Цудахар;Dargwa;мм23;м;1900;1969;до 1919;1;read;speak;speak;speak;Меленченко Максим
409;Цудахар;Dargwa;нд05;ж;1918;1991;до 1919;1;read;no;no;speak;Добрушина Нина
411;Цудахар;Dargwa;нд18;м;1900;1977;до 1919;1;0;speak;speak;speak;Добрушина Нина
413;Цудахар;Dargwa;нд27;м;1890;1966;до 1919;1;read;speak;speak;speak;Добрушина Нина
414;Цудахар;Dargwa;нд28;ж;1890;1973;до 1919;1;read;0;0;speak;Добрушина Нина
415;Цудахар;Dargwa;нд30;м;1907;1982;до 1919;1;read;speak;speak;speak;Добрушина Нина
416;Цудахар;Dargwa;нд32;м;1905;1962;до 1919;1;understand;speak;speak;speak;Добрушина Нина
417;Цудахар;Dargwa;нд33;ж;1911;1989;до 1919;1;read;no;no;speak;Добрушина Нина
418;Цудахар;Dargwa;нд37;м;1884;1968;до 1919;1;read;speak;speak;speak;Добрушина Нина
420;Цудахар;Dargwa;пз06;ж;1916;1968;до 1919;1;no;understand;understand;speak;Завьялов Павел
421;Цудахар;Dargwa;пз09;ж;1913;1971;до 1919;1;no;speak;speak;speak;Завьялов Павел
422;Цудахар;Dargwa;пз10;ж;1916;1977;до 1919;1;no;speak;speak;speak;Завьялов Павел
424;Цудахар;Dargwa;са05;ж;1902;1982;до 1919;1;no;speak;speak;speak;Выдрина Александра / Алексеева Анастасия
425;Цудахар;Dargwa;са06;м;1904;1986;до 1919;1;read;speak;speak;speak;Выдрина Александра / Алексеева Анастасия
426;Цудахар;Dargwa;са20;м;1899;1969;до 1919;1;no;speak;speak;speak;Выдрина Александра / Алексеева Анастасия
427;Цудахар;Dargwa;са23;ж;1907;1987;до 1919;1;read;no;no;speak;Выдрина Александра / Алексеева Анастасия
428;Цудахар;Dargwa;са31;ж;1873;1969;до 1919;1;read;speak;speak;speak;Выдрина Александра / Алексеева Анастасия
429;Цудахар;Dargwa;са32;ж;1899;1991;до 1919;1;read;speak;speak;speak;Выдрина Александра / Алексеева Анастасия
430;Цудахар;Dargwa;са33;ж;1900;1974;до 1919;1;read;speak;speak;speak;Выдрина Александра / Алексеева Анастасия
431;Цудахар;Dargwa;са37;м;1916;2006;до 1919;1;read;speak;speak;speak;Выдрина Александра / Алексеева Анастасия
432;Цудахар;Dargwa;са38;ж;1917;2007;до 1919;1;read;0;0;speak;Выдрина Александра / Алексеева Анастасия
433;Цудахар;Dargwa;аб07;м;1950;;после 1920;1;read;speak;speak;speak;Бакланов Алексей
434;Цудахар;Dargwa;аб08;ж;1940;;после 1920;1;read;no;no;speak;Бакланов Алексей
435;Цудахар;Dargwa;аб12;м;1943;2008;после 1920;1;no;speak;speak;speak;Бакланов Алексей
437;Цудахар;Dargwa;аб17;ж;1962;;после 1920;1;no;no;no;speak;Бакланов Алексей
438;Цудахар;Dargwa;аб18;м;1958;;после 1920;1;no;understand;understand;speak;Бакланов Алексей
439;Цудахар;Dargwa;аб19;м;1939;2001;после 1920;1;read;speak;speak;speak;Бакланов Алексей
440;Цудахар;Dargwa;аб20;ж;1938;2000;после 1920;1;no;understand;understand;speak;Бакланов Алексей
442;Цудахар;Dargwa;аб26;ж;1975;;после 1920;1;no;no;no;speak;Бакланов Алексей
443;Цудахар;Dargwa;аб27;ж;1970;;после 1920;1;no;no;no;speak;Бакланов Алексей
444;Цудахар;Dargwa;аб28;м;1986;;после 1920;1;understand;no;no;speak;Бакланов Алексей
445;Цудахар;Dargwa;аб29;ж;1952;;после 1920;1;read;no;no;speak;Бакланов Алексей
446;Цудахар;Dargwa;ач02;ж;1976;;после 1920;1;no;understand;understand;speak;Чевелёва Анастасия
447;Цудахар;Dargwa;ач03;ж;1955;;после 1920;1;read;understand;understand;speak;Чевелёва Анастасия
448;Цудахар;Dargwa;ач04;м;1952;;после 1920;1;no;no;no;speak;Чевелёва Анастасия
449;Цудахар;Dargwa;ач05;ж;1928;2020;после 1920;1;read;speak;speak;speak;Чевелёва Анастасия
451;Цудахар;Dargwa;ач07;м;1971;;после 1920;1;no;no;no;speak;Чевелёва Анастасия
455;Цудахар;Dargwa;ач14;ж;1970;;после 1920;1;read;no;no;speak;Чевелёва Анастасия
456;Цудахар;Dargwa;ач15;ж;1934;;после 1920;1;no;speak;speak;speak;Чевелёва Анастасия
457;Цудахар;Dargwa;ач16;м;1929;2003;после 1920;1;read;speak;speak;speak;Чевелёва Анастасия
458;Цудахар;Dargwa;зб01;ж;1949;;после 1920;1;read;no;no;speak;Будилова Зинаида
459;Цудахар;Dargwa;зб02;ж;1922;2016;после 1920;1;read;speak;speak;speak;Будилова Зинаида
460;Цудахар;Dargwa;зб06;м;1940;2003;после 1920;1;no;understand;understand;speak;Будилова Зинаида
461;Цудахар;Dargwa;зб07;м;1941;1974;после 1920;1;read;understand;understand;speak;Будилова Зинаида
462;Цудахар;Dargwa;зб08;м;1947;;после 1920;1;no;no;no;speak;Будилова Зинаида
463;Цудахар;Dargwa;зб09;м;1957;;после 1920;1;no;no;no;speak;Будилова Зинаида
464;Цудахар;Dargwa;зб10;м;1954;;после 1920;1;no;speak;speak;speak;Будилова Зинаида
466;Цудахар;Dargwa;зб12;м;1946;;после 1920;1;no;no;no;speak;Будилова Зинаида
467;Цудахар;Dargwa;зб13;м;1957;;после 1920;1;read;no;no;speak;Будилова Зинаида
468;Цудахар;Dargwa;зб14;ж;1924;1994;после 1920;1;understand;understand;understand;speak;Будилова Зинаида
469;Цудахар;Dargwa;зб16;ж;1941;;после 1920;1;read;no;no;speak;Будилова Зинаида
470;Цудахар;Dargwa;зб17;ж;1929;2012;после 1920;1;read;no;no;speak;Будилова Зинаида
471;Цудахар;Dargwa;зб18;м;1926;2006;после 1920;1;read;no;no;speak;Будилова Зинаида
472;Цудахар;Dargwa;зб20;ж;1942;;после 1920;1;no;no;no;speak;Будилова Зинаида
473;Цудахар;Dargwa;зб21;ж;1944;;после 1920;1;no;no;no;speak;Будилова Зинаида
474;Цудахар;Dargwa;зб25;м;1947;;после 1920;1;no;understand;understand;speak;Будилова Зинаида
475;Цудахар;Dargwa;зб26;ж;1976;;после 1920;1;read;no;no;speak;Будилова Зинаида
476;Цудахар;Dargwa;зб27;м;1953;;после 1920;1;understand;understand;understand;speak;Будилова Зинаида
477;Цудахар;Dargwa;кк01;м;1956;;после 1920;1;read;speak;speak;speak;Конча Кирилл
478;Цудахар;Dargwa;кк02;ж;1959;;после 1920;1;read;no;no;speak;Конча Кирилл
479;Цудахар;Dargwa;кк04;ж;1930;1971;после 1920;1;no;no;no;speak;Конча Кирилл
481;Цудахар;Dargwa;кк08;ж;1946;;после 1920;1;no;no;no;speak;Конча Кирилл
482;Цудахар;Dargwa;кк09;м;1952;2015;после 1920;1;no;no;no;speak;Конча Кирилл
483;Цудахар;Dargwa;кк11;ж;1950;;после 1920;1;no;no;no;speak;Конча Кирилл
485;Цудахар;Dargwa;кк13;ж;1962;;после 1920;1;no;understand;understand;speak;Конча Кирилл
486;Цудахар;Dargwa;кк14;ж;1934;;после 1920;1;no;speak;speak;speak;Конча Кирилл
488;Цудахар;Dargwa;кк17;ж;1956;;после 1920;1;no;no;no;speak;Конча Кирилл
490;Цудахар;Dargwa;кк20;м;1940;;после 1920;1;no;no;no;speak;Конча Кирилл
491;Цудахар;Dargwa;кк22;ж;1983;;после 1920;1;read;no;no;speak;Конча Кирилл
493;Цудахар;Dargwa;кк24;м;1962;;после 1920;1;no;understand;understand;speak;Конча Кирилл
494;Цудахар;Dargwa;кк25;ж;1926;2006;после 1920;1;no;no;no;speak;Конча Кирилл
496;Цудахар;Dargwa;кк27;ж;1934;;после 1920;1;no;no;no;speak;Конча Кирилл
497;Цудахар;Dargwa;кк30;м;1928;1994;после 1920;1;no;speak;speak;speak;Конча Кирилл
498;Цудахар;Dargwa;кк31;ж;1964;;после 1920;1;no;no;no;speak;Конча Кирилл
499;Цудахар;Dargwa;кк32;м;1960;1995;после 1920;1;no;no;no;speak;Конча Кирилл
500;Цудахар;Dargwa;кк33;м;1989;;после 1920;1;no;no;no;speak;Конча Кирилл
501;Цудахар;Dargwa;кк34;м;1960;;после 1920;1;no;no;no;speak;Конча Кирилл
504;Цудахар;Dargwa;мм22;ж;1921;2000;после 1920;1;read;speak;speak;speak;Меленченко Максим
505;Цудахар;Dargwa;мм27;м;1939;2010;после 1920;1;no;no;no;speak;Меленченко Максим
506;Цудахар;Dargwa;нд01;ж;1954;;после 1920;1;no;no;no;speak;Добрушина Нина
507;Цудахар;Dargwa;нд02;м;1925;1975;после 1920;1;read;speak;speak;speak;Добрушина Нина
508;Цудахар;Dargwa;нд03;ж;1922;1996;после 1920;1;read;speak;speak;speak;Добрушина Нина
509;Цудахар;Dargwa;нд04;;1940;2019;после 1920;1;read;no;no;speak;Добрушина Нина
511;Цудахар;Dargwa;нд07;ж;1963;;после 1920;1;read;no;no;speak;Добрушина Нина
512;Цудахар;Dargwa;нд08;м;1931;2012;после 1920;1;no;speak;speak;speak;Добрушина Нина
514;Цудахар;Dargwa;нд10;м;1966;2016;после 1920;1;no;no;no;speak;Добрушина Нина
515;Цудахар;Dargwa;нд11;ж;1962;;после 1920;1;no;no;no;speak;Добрушина Нина
516;Цудахар;Dargwa;нд12;м;1935;2017;после 1920;1;no;speak;speak;speak;Добрушина Нина
517;Цудахар;Dargwa;нд13;ж;1938;2002;после 1920;1;read;no;no;speak;Добрушина Нина
521;Цудахар;Dargwa;нд20;м;1959;;после 1920;1;no;no;no;speak;Добрушина Нина
522;Цудахар;Dargwa;нд24;ж;1959;;после 1920;1;no;no;no;speak;Добрушина Нина
523;Цудахар;Dargwa;нд25;ж;1925;;после 1920;1;read;speak;speak;speak;Добрушина Нина
524;Цудахар;Dargwa;нд26;м;1925;1991;после 1920;1;read;speak;speak;speak;Добрушина Нина
525;Цудахар;Dargwa;нд29;ж;1959;;после 1920;1;read;no;no;speak;Добрушина Нина
527;Цудахар;Dargwa;нд34;ж;1950;;после 1920;1;read;no;no;speak;Добрушина Нина
528;Цудахар;Dargwa;нд35;ж;1926;2010;после 1920;1;read;understand;understand;speak;Добрушина Нина
529;Цудахар;Dargwa;нд36;м;1924;2020;после 1920;1;read;speak;speak;speak;Добрушина Нина
530;Цудахар;Dargwa;нд38;м;1952;;после 1920;1;read;no;no;speak;Добрушина Нина
531;Цудахар;Dargwa;пз01;ж;1942;;после 1920;1;no;no;no;speak;Завьялов Павел
532;Цудахар;Dargwa;пз03;ж;1922;2002;после 1920;1;0;no;no;speak;Завьялов Павел
533;Цудахар;Dargwa;пз04;м;1939;1985;после 1920;1;no;no;no;speak;Завьялов Павел
534;Цудахар;Dargwa;пз05;м;1939;;после 1920;1;read;understand;understand;speak;Завьялов Павел
535;Цудахар;Dargwa;пз07;м;1937;;после 1920;1;read;no;no;speak;Завьялов Павел
537;Цудахар;Dargwa;са01;ж;1947;;после 1920;1;no;understand;understand;speak;Выдрина Александра / Алексеева Анастасия
538;Цудахар;Dargwa;са02;м;1969;;после 1920;1;read;no;no;speak;Выдрина Александра / Алексеева Анастасия
539;Цудахар;Dargwa;са04;ж;1922;2000;после 1920;1;no;no;no;speak;Выдрина Александра / Алексеева Анастасия
543;Цудахар;Dargwa;са10;ж;1938;;после 1920;1;no;speak;speak;speak;Выдрина Александра / Алексеева Анастасия
544;Цудахар;Dargwa;са11;м;1935;;после 1920;1;read;understand;understand;speak;Выдрина Александра / Алексеева Анастасия
545;Цудахар;Dargwa;са12;ж;1960;;после 1920;1;no;no;no;speak;Выдрина Александра / Алексеева Анастасия
547;Цудахар;Dargwa;са14;ж;1963;;после 1920;1;no;no;no;speak;Выдрина Александра / Алексеева Анастасия
548;Цудахар;Dargwa;са15;ж;1938;;после 1920;1;no;no;no;speak;Выдрина Александра / Алексеева Анастасия
550;Цудахар;Dargwa;са18;ж;1947;;после 1920;1;read;no;no;speak;Выдрина Александра / Алексеева Анастасия
551;Цудахар;Dargwa;са21;ж;1922;2015;после 1920;1;no;understand;understand;speak;Выдрина Александра / Алексеева Анастасия
552;Цудахар;Dargwa;са22;м;1921;1965;после 1920;1;0;no;no;speak;Выдрина Александра / Алексеева Анастасия
553;Цудахар;Dargwa;са26;м;1958;;после 1920;1;read;understand;understand;speak;Выдрина Александра / Алексеева Анастасия
554;Цудахар;Dargwa;са27;ж;1960;;после 1920;1;read;speak;speak;speak;Выдрина Александра / Алексеева Анастасия
556;Цудахар;Dargwa;са29;м;1934;1988;после 1920;1;no;speak;speak;speak;Выдрина Александра / Алексеева Анастасия
557;Цудахар;Dargwa;са30;ж;1934;2002;после 1920;1;read;speak;speak;speak;Выдрина Александра / Алексеева Анастасия
558;Цудахар;Dargwa;са34;м;1966;;после 1920;1;no;no;no;speak;Выдрина Александра / Алексеева Анастасия
561;Цудахар;Dargwa;са39;м;1936;2007;после 1920;1;read;speak;speak;speak;Выдрина Александра / Алексеева Анастасия
562;Цудахар;Dargwa;са40;м;1968;;после 1920;1;0;no;no;speak;Выдрина Александра / Алексеева Анастасия
563;Цудахар;Dargwa;са41;м;1960;;после 1920;1;read;0;0;speak;Выдрина Александра / Алексеева Анастасия
564;Цудахар;Dargwa;са42;м;1981;;после 1920;1;no;no;no;speak;Выдрина Александра / Алексеева Анастасия
566;Цудахар;Dargwa;са44;м;1972;;после 1920;1;no;no;no;speak;Выдрина Александра / Алексеева Анастасия
567;Цудахар;Dargwa;са45;м;1977;;после 1920;1;read;no;no;speak;Выдрина Александра / Алексеева Анастасия
568;Цудахар;Dargwa;са46;ж;1949;;после 1920;1;read;speak;speak;speak;Выдрина Александра / Алексеева Анастасия
569;Цудахар;Dargwa;са47;м;1949;;после 1920;1;no;no;no;speak;Выдрина Александра / Алексеева Анастасия
570;Чукна;Lak;зб02;ж;1879;1971;до 1919;1;understand;no;speak;no;Будилова Зинаида
571;Чукна;Lak;зб03;м;до революции;1962;до 1919;1;no;;speak;no;Будилова Зинаида
572;Чукна;Lak;кк11;ж;1889;1988;до 1919;1;read;no;speak;no;Конча Кирилл
573;Чукна;Lak;мм02;ж;1914;2006;до 1919;1;read;no;speak;no;Меленченко Максим
574;Чукна;Lak;мм03;м;1907;1994;до 1919;1;read;no;speak;no;Меленченко Максим
575;Чукна;Lak;мм05;ж;1908;1998;до 1919;1;read;no;speak;no;Меленченко Максим
576;Чукна;Lak;мм06;м;1901;1991;до 1919;1;understand;no;speak;no;Меленченко Максим
578;Чукна;Lak;мм12;м;1905;1990;до 1919;1;read;no;speak;no;Меленченко Максим
581;Чукна;Lak;нд04;ж;1919;2002;до 1919;1;no;0;speak;0;Добрушина Нина
583;Чукна;Lak;пз02;ж;1914;2014;до 1919;1;read;no;speak;no;Завьялов Павел
586;Чукна;Lak;пз05;м;старше Патимат пз02;1971;до 1919;1;no;;speak;no;Завьялов Павел
587;Чукна;Lak;пз06;ж;старше Патимат пз02;1977;до 1919;1;no;;speak;no;Завьялов Павел
588;Чукна;Lak;са15;м;?;1941;до 1919;1;read;;speak;no;Выдрина Александра / Алексеева Анастасия
589;Чукна;Lak;са16;ж;?;умерла, когда Патимат са03 был в третьем классе;до 1919;1;no;;speak;no;Выдрина Александра / Алексеева Анастасия
592;Чукна;Lak;аб03;м;1933;2005;после 1920;1;no;understand;speak;understand;Бакланов Алексей
594;Чукна;Lak;аб05;ж;1979;;после 1920;1;no;no;speak;no;Бакланов Алексей
598;Чукна;Lak;зб01;ж;1930;;после 1920;1;no;no;speak;no;Будилова Зинаида
599;Чукна;Lak;зб04;м;1928;1993;после 1920;1;no;no;speak;no;Будилова Зинаида
601;Чукна;Lak;зб06;ж;1935;;после 1920;1;no;no;speak;no;Будилова Зинаида
602;Чукна;Lak;зб07;м;1965;;после 1920;1;no;no;speak;no;Будилова Зинаида
603;Чукна;Lak;зб09;м;1929;2003;после 1920;1;no;speak;speak;speak;Будилова Зинаида
604;Чукна;Lak;зб10;ж;1972;;после 1920;1;no;no;speak;no;Будилова Зинаида
609;Чукна;Lak;кк05;ж;1927;2013;после 1920;1;understand;understand;speak;understand;Конча Кирилл
612;Чукна;Lak;кк09;м;1923;2018;после 1920;1;no;0;speak;0;Конча Кирилл
613;Чукна;Lak;кк10;ж;1926;2001;после 1920;1;no;no;speak;no;Конча Кирилл
614;Чукна;Lak;мм01;м;1939;;после 1920;1;no;no;speak;no;Меленченко Максим
619;Чукна;Lak;мм11;м;1949;2014;после 1920;1;no;no;speak;no;Меленченко Максим
622;Чукна;Lak;мм15;м;1977;;после 1920;1;no;no;speak;no;Меленченко Максим
623;Чукна;Lak;мм16;ж;1941;;после 1920;1;no;no;speak;no;Меленченко Максим
624;Чукна;Lak;нд01;ж;1982;;после 1920;1;no;no;speak;no;Добрушина Нина
625;Чукна;Lak;нд02;м;1957;1991;после 1920;1;no;0;speak;0;Добрушина Нина
627;Чукна;Lak;нд05;м;1975;;после 1920;1;no;no;speak;no;Добрушина Нина
629;Чукна;Lak;нд09;м;1949;;после 1920;1;no;understand;speak;understand;Добрушина Нина
630;Чукна;Lak;нд11;ж;1925;1983;после 1920;1;no;understand;speak;understand;Добрушина Нина
631;Чукна;Lak;нд12;м;1963;;после 1920;1;no;no;speak;no;Добрушина Нина
633;Чукна;Lak;пз07;ж;1921;2001;после 1920;1;no;no;speak;no;Завьялов Павел
638;Чукна;Lak;са04;м;1964;;после 1920;1;no;no;speak;no;Выдрина Александра / Алексеева Анастасия
639;Чукна;Lak;са05;ж;1933;;после 1920;1;no;no;speak;no;Выдрина Александра / Алексеева Анастасия
645;Чукна;Lak;са18;ж;1925;2005;после 1920;1;no;no;speak;no;Выдрина Александра / Алексеева Анастасия
646;Чукна;Lak;са19;ж;1936;;после 1920;1;no;no;speak;no;Выдрина Александра / Алексеева Анастасия
